{"base_lr": 2.4e-07, "lr": 2.4e-07, "data_time": 115.99113178253174, "loss": 0.2383558303117752, "time": 163.65507102012634, "epoch": 1, "iter": 1, "memory": 31556, "step": 1}
{"base_lr": 5.643357210433843e-07, "lr": 5.643357210433843e-07, "data_time": 58.04302740097046, "loss": 0.24067817628383636, "time": 83.28740346431732, "epoch": 1, "iter": 2, "memory": 35161, "step": 2}
{"base_lr": 8.886714420867686e-07, "lr": 8.886714420867686e-07, "data_time": 38.70318937301636, "loss": 0.24184012909730276, "time": 55.790691216786705, "epoch": 1, "iter": 3, "memory": 35154, "step": 3}
{"base_lr": 1.2130071631301529e-06, "lr": 1.2130071631301529e-06, "data_time": 29.035063445568085, "loss": 0.24020782858133316, "time": 42.04626387357712, "epoch": 1, "iter": 4, "memory": 35154, "step": 4}
{"base_lr": 1.5373428841735374e-06, "lr": 1.5373428841735374e-06, "data_time": 23.23161916732788, "loss": 0.2393110066652298, "time": 33.83034634590149, "epoch": 1, "iter": 5, "memory": 35154, "step": 5}
{"base_lr": 1.8616786052169216e-06, "lr": 1.8616786052169216e-06, "data_time": 19.364358981450398, "loss": 0.2389548048377037, "time": 28.313232223192852, "epoch": 1, "iter": 6, "memory": 35154, "step": 6}
{"base_lr": 2.186014326260306e-06, "lr": 2.186014326260306e-06, "data_time": 16.608327082225255, "loss": 0.2391247855765479, "time": 24.384099074772426, "epoch": 1, "iter": 7, "memory": 35154, "step": 7}
{"base_lr": 2.5103500473036904e-06, "lr": 2.5103500473036904e-06, "data_time": 14.539925247430801, "loss": 0.23930327594280243, "time": 21.436545431613922, "epoch": 1, "iter": 8, "memory": 35154, "step": 8}
{"base_lr": 2.834685768347075e-06, "lr": 2.834685768347075e-06, "data_time": 12.935866912206015, "loss": 0.2397574997610516, "time": 19.186832454469467, "epoch": 1, "iter": 9, "memory": 35154, "step": 9}
{"base_lr": 3.1590214893904594e-06, "lr": 3.1590214893904594e-06, "data_time": 11.643577027320863, "loss": 0.2399811714887619, "time": 17.346375250816344, "epoch": 1, "iter": 10, "memory": 35154, "step": 10}
{"base_lr": 3.483357210433844e-06, "lr": 3.483357210433844e-06, "data_time": 0.047773098945617674, "loss": 0.2401457741856575, "time": 1.0593603372573852, "epoch": 1, "iter": 11, "memory": 35154, "step": 11}
{"base_lr": 3.8076929314772284e-06, "lr": 3.8076929314772284e-06, "data_time": 0.04187111854553223, "loss": 0.2385692924261093, "time": 0.8521512508392334, "epoch": 1, "iter": 12, "memory": 35154, "step": 12}
{"base_lr": 4.132028652520613e-06, "lr": 4.132028652520613e-06, "data_time": 0.04548799991607666, "loss": 0.2383294954895973, "time": 0.8521076440811157, "epoch": 1, "iter": 13, "memory": 35154, "step": 13}
{"base_lr": 4.456364373563997e-06, "lr": 4.456364373563997e-06, "data_time": 0.047307491302490234, "loss": 0.2380778893828392, "time": 0.855709457397461, "epoch": 1, "iter": 14, "memory": 35154, "step": 14}
{"base_lr": 4.7807000946073814e-06, "lr": 4.7807000946073814e-06, "data_time": 0.04791305065155029, "loss": 0.23740382194519044, "time": 0.8342422008514404, "epoch": 1, "iter": 15, "memory": 35154, "step": 15}
{"base_lr": 5.105035815650766e-06, "lr": 5.105035815650766e-06, "data_time": 0.05094676017761231, "loss": 0.23778881579637529, "time": 0.8599683523178101, "epoch": 1, "iter": 16, "memory": 35154, "step": 16}
{"base_lr": 5.42937153669415e-06, "lr": 5.42937153669415e-06, "data_time": 6.725282287597656, "loss": 0.23696430027484894, "time": 13.505367946624755, "epoch": 1, "iter": 17, "memory": 35154, "step": 17}
{"base_lr": 5.753707257737535e-06, "lr": 5.753707257737535e-06, "data_time": 6.722363901138306, "loss": 0.23665744811296463, "time": 13.500306749343872, "epoch": 1, "iter": 18, "memory": 35154, "step": 18}
{"base_lr": 6.078042978780919e-06, "lr": 6.078042978780919e-06, "data_time": 6.7200158596038815, "loss": 0.23544860035181045, "time": 13.466796398162842, "epoch": 1, "iter": 19, "memory": 35154, "step": 19}
{"base_lr": 6.402378699824304e-06, "lr": 6.402378699824304e-06, "data_time": 6.722736835479736, "loss": 0.23551239669322968, "time": 13.460579347610473, "epoch": 1, "iter": 20, "memory": 35154, "step": 20}
{"base_lr": 6.726714420867688e-06, "lr": 6.726714420867688e-06, "data_time": 6.727308773994446, "loss": 0.23461284190416337, "time": 13.470507836341858, "epoch": 1, "iter": 21, "memory": 35154, "step": 21}
{"base_lr": 7.051050141911073e-06, "lr": 7.051050141911073e-06, "data_time": 6.734189248085022, "loss": 0.23538647294044496, "time": 13.47640643119812, "epoch": 1, "iter": 22, "memory": 35154, "step": 22}
{"base_lr": 7.375385862954458e-06, "lr": 7.375385862954458e-06, "data_time": 6.7312164306640625, "loss": 0.23471666127443314, "time": 13.726952004432679, "epoch": 1, "iter": 23, "memory": 35154, "step": 23}
{"base_lr": 7.699721583997842e-06, "lr": 7.699721583997842e-06, "data_time": 6.73453848361969, "loss": 0.2344864472746849, "time": 13.714650559425355, "epoch": 1, "iter": 24, "memory": 35154, "step": 24}
{"base_lr": 8.024057305041227e-06, "lr": 8.024057305041227e-06, "data_time": 6.739082145690918, "loss": 0.23540388494729997, "time": 13.70869071483612, "epoch": 1, "iter": 25, "memory": 35154, "step": 25}
{"base_lr": 8.34839302608461e-06, "lr": 8.34839302608461e-06, "data_time": 6.742111420631408, "loss": 0.23476306796073915, "time": 13.687410950660706, "epoch": 1, "iter": 26, "memory": 35154, "step": 26}
{"base_lr": 8.672728747127995e-06, "lr": 8.672728747127995e-06, "data_time": 0.06399252414703369, "loss": 0.23456906378269196, "time": 1.022533655166626, "epoch": 1, "iter": 27, "memory": 35154, "step": 27}
{"base_lr": 8.99706446817138e-06, "lr": 8.99706446817138e-06, "data_time": 0.0682220697402954, "loss": 0.2343231201171875, "time": 1.0110345363616944, "epoch": 1, "iter": 28, "memory": 35154, "step": 28}
{"base_lr": 9.321400189214765e-06, "lr": 9.321400189214765e-06, "data_time": 0.0665170431137085, "loss": 0.23363630175590516, "time": 1.00075843334198, "epoch": 1, "iter": 29, "memory": 35154, "step": 29}
{"base_lr": 9.64573591025815e-06, "lr": 9.64573591025815e-06, "data_time": 0.06419000625610352, "loss": 0.23235217332839966, "time": 0.9984947204589844, "epoch": 1, "iter": 30, "memory": 35154, "step": 30}
{"base_lr": 9.970071631301533e-06, "lr": 9.970071631301533e-06, "data_time": 0.06032145023345947, "loss": 0.23219335526227952, "time": 0.9729783773422241, "epoch": 1, "iter": 31, "memory": 35154, "step": 31}
{"base_lr": 1.0294407352344917e-05, "lr": 1.0294407352344917e-05, "data_time": 0.05121591091156006, "loss": 0.23170896321535112, "time": 0.954114556312561, "epoch": 1, "iter": 32, "memory": 35154, "step": 32}
{"base_lr": 1.0618743073388301e-05, "lr": 1.0618743073388301e-05, "data_time": 4.198236322402954, "loss": 0.23126814216375352, "time": 12.479383373260498, "epoch": 1, "iter": 33, "memory": 35154, "step": 33}
{"base_lr": 1.0943078794431685e-05, "lr": 1.0943078794431685e-05, "data_time": 4.19317946434021, "loss": 0.23075582534074784, "time": 12.46780469417572, "epoch": 1, "iter": 34, "memory": 35154, "step": 34}
{"base_lr": 1.126741451547507e-05, "lr": 1.126741451547507e-05, "data_time": 4.188484382629395, "loss": 0.23024795055389405, "time": 12.467888116836548, "epoch": 1, "iter": 35, "memory": 35154, "step": 35}
{"base_lr": 1.1591750236518454e-05, "lr": 1.1591750236518454e-05, "data_time": 4.182437682151795, "loss": 0.2303784742951393, "time": 12.463588666915893, "epoch": 1, "iter": 36, "memory": 35154, "step": 36}
{"base_lr": 1.1916085957561838e-05, "lr": 1.1916085957561838e-05, "data_time": 4.185601472854614, "loss": 0.2296628788113594, "time": 12.488170742988586, "epoch": 1, "iter": 37, "memory": 35154, "step": 37}
{"base_lr": 1.2240421678605223e-05, "lr": 1.2240421678605223e-05, "data_time": 4.181191754341126, "loss": 0.2281460478901863, "time": 12.506651997566223, "epoch": 1, "iter": 38, "memory": 35154, "step": 38}
{"base_lr": 1.2564757399648608e-05, "lr": 1.2564757399648608e-05, "data_time": 4.177842116355896, "loss": 0.22815081179142, "time": 12.513984847068787, "epoch": 1, "iter": 39, "memory": 35154,