{"base_lr": 2.4e-07, "lr": 2.4e-07, "data_time": 135.82081079483032, "loss": 0.2383558303117752, "time": 147.8935375213623, "epoch": 1, "iter": 1, "memory": 31558, "step": 1}
{"base_lr": 5.643357210433843e-07, "lr": 5.643357210433843e-07, "data_time": 67.9299750328064, "loss": 0.24067817628383636, "time": 74.36628198623657, "epoch": 1, "iter": 2, "memory": 35162, "step": 2}
{"base_lr": 8.886714420867686e-07, "lr": 8.886714420867686e-07, "data_time": 45.309210220972695, "loss": 0.24184012909730276, "time": 49.806655724843345, "epoch": 1, "iter": 3, "memory": 35156, "step": 3}
{"base_lr": 1.2130071631301529e-06, "lr": 1.2130071631301529e-06, "data_time": 33.99860191345215, "loss": 0.24020782858133316, "time": 37.53133052587509, "epoch": 1, "iter": 4, "memory": 35156, "step": 4}
{"base_lr": 1.5373428841735374e-06, "lr": 1.5373428841735374e-06, "data_time": 27.213732099533082, "loss": 0.2393110066652298, "time": 30.145360898971557, "epoch": 1, "iter": 5, "memory": 35156, "step": 5}
{"base_lr": 1.8616786052169216e-06, "lr": 1.8616786052169216e-06, "data_time": 22.68795935312907, "loss": 0.2389548048377037, "time": 25.22074286142985, "epoch": 1, "iter": 6, "memory": 35156, "step": 6}
{"base_lr": 2.186014326260306e-06, "lr": 2.186014326260306e-06, "data_time": 19.45545448575701, "loss": 0.2391247855765479, "time": 21.70382639339992, "epoch": 1, "iter": 7, "memory": 35156, "step": 7}
{"base_lr": 2.5103500473036904e-06, "lr": 2.5103500473036904e-06, "data_time": 17.030811458826065, "loss": 0.23930327594280243, "time": 19.084784239530563, "epoch": 1, "iter": 8, "memory": 35156, "step": 8}
{"base_lr": 2.834685768347075e-06, "lr": 2.834685768347075e-06, "data_time": 15.141091346740723, "loss": 0.2397574997610516, "time": 17.03157467312283, "epoch": 1, "iter": 9, "memory": 35156, "step": 9}
{"base_lr": 3.1590214893904594e-06, "lr": 3.1590214893904594e-06, "data_time": 13.629719853401184, "loss": 0.2399811714887619, "time": 15.412181854248047, "epoch": 1, "iter": 10, "memory": 35156, "step": 10}
{"base_lr": 3.483357210433844e-06, "lr": 3.483357210433844e-06, "data_time": 0.055522584915161134, "loss": 0.2401457741856575, "time": 0.7040100812911987, "epoch": 1, "iter": 11, "memory": 35156, "step": 11}
{"base_lr": 3.8076929314772284e-06, "lr": 3.8076929314772284e-06, "data_time": 0.05785660743713379, "loss": 0.2385692924261093, "time": 0.6901954412460327, "epoch": 1, "iter": 12, "memory": 35156, "step": 12}
{"base_lr": 4.132028652520613e-06, "lr": 4.132028652520613e-06, "data_time": 0.05729374885559082, "loss": 0.2383294954895973, "time": 0.7083865165710449, "epoch": 1, "iter": 13, "memory": 35156, "step": 13}
{"base_lr": 4.456364373563997e-06, "lr": 4.456364373563997e-06, "data_time": 0.054161238670349124, "loss": 0.2380778893828392, "time": 0.7253471851348877, "epoch": 1, "iter": 14, "memory": 35156, "step": 14}
{"base_lr": 4.7807000946073814e-06, "lr": 4.7807000946073814e-06, "data_time": 0.05040550231933594, "loss": 0.23740382194519044, "time": 0.7564540147781372, "epoch": 1, "iter": 15, "memory": 35156, "step": 15}
{"base_lr": 5.105035815650766e-06, "lr": 5.105035815650766e-06, "data_time": 0.04812321662902832, "loss": 0.23778881579637529, "time": 0.7814019441604614, "epoch": 1, "iter": 16, "memory": 35156, "step": 16}
{"base_lr": 5.42937153669415e-06, "lr": 5.42937153669415e-06, "data_time": 11.648197388648986, "loss": 0.23696430027484894, "time": 13.12902479171753, "epoch": 1, "iter": 17, "memory": 35156, "step": 17}
{"base_lr": 5.753707257737535e-06, "lr": 5.753707257737535e-06, "data_time": 11.64982602596283, "loss": 0.23665744811296463, "time": 13.122733855247498, "epoch": 1, "iter": 18, "memory": 35156, "step": 18}
{"base_lr": 6.078042978780919e-06, "lr": 6.078042978780919e-06, "data_time": 11.649347591400147, "loss": 0.23544860035181045, "time": 13.134637331962585, "epoch": 1, "iter": 19, "memory": 35156, "step": 19}
{"base_lr": 6.402378699824304e-06, "lr": 6.402378699824304e-06, "data_time": 11.651504015922546, "loss": 0.23551239669322968, "time": 13.129206204414368, "epoch": 1, "iter": 20, "memory": 35156, "step": 20}
{"base_lr": 6.726714420867688e-06, "lr": 6.726714420867688e-06, "data_time": 11.64579155445099, "loss": 0.23461284190416337, "time": 13.120255637168885, "epoch": 1, "iter": 21, "memory": 35156, "step": 21}
{"base_lr": 7.051050141911073e-06, "lr": 7.051050141911073e-06, "data_time": 11.646759724617004, "loss": 0.23538647294044496, "time": 13.125494956970215, "epoch": 1, "iter": 22, "memory": 35156, "step": 22}
{"base_lr": 7.375385862954458e-06, "lr": 7.375385862954458e-06, "data_time": 11.643058037757873, "loss": 0.23471666127443314, "time": 13.10042712688446, "epoch": 1, "iter": 23, "memory": 35156, "step": 23}
{"base_lr": 7.699721583997842e-06, "lr": 7.699721583997842e-06, "data_time": 11.650850248336791, "loss": 0.2344864472746849, "time": 13.082961082458496, "epoch": 1, "iter": 24, "memory": 35156, "step": 24}
{"base_lr": 8.024057305041227e-06, "lr": 8.024057305041227e-06, "data_time": 11.654099202156067, "loss": 0.23540388494729997, "time": 13.053387475013732, "epoch": 1, "iter": 25, "memory": 35156, "step": 25}
{"base_lr": 8.34839302608461e-06, "lr": 8.34839302608461e-06, "data_time": 11.656463837623596, "loss": 0.23476306796073915, "time": 13.037508463859558, "epoch": 1, "iter": 26, "memory": 35156, "step": 26}
{"base_lr": 8.672728747127995e-06, "lr": 8.672728747127995e-06, "data_time": 0.05286300182342529, "loss": 0.23456906378269196, "time": 0.6979775190353393, "epoch": 1, "iter": 27, "memory": 35156, "step": 27}
{"base_lr": 8.99706446817138e-06, "lr": 8.99706446817138e-06, "data_time": 0.04848625659942627, "loss": 0.2343231201171875, "time": 0.6922560453414917, "epoch": 1, "iter": 28, "memory": 35156, "step": 28}
{"base_lr": 9.321400189214765e-06, "lr": 9.321400189214765e-06, "data_time": 0.05375473499298096, "loss": 0.23363630175590516, "time": 0.7156825065612793, "epoch": 1, "iter": 29, "memory": 35156, "step": 29}
{"base_lr": 9.64573591025815e-06, "lr": 9.64573591025815e-06, "data_time": 0.053206229209899904, "loss": 0.23235217332839966, "time": 0.7004323959350586, "epoch": 1, "iter": 30, "memory": 35156, "step": 30}
{"base_lr": 9.970071631301533e-06, "lr": 9.970071631301533e-06, "data_time": 0.05798115730285645, "loss": 0.23219335526227952, "time": 0.6900247573852539, "epoch": 1, "iter": 31, "memory": 35156, "step": 31}
{"base_lr": 1.0294407352344917e-05, "lr": 1.0294407352344917e-05, "data_time": 0.055317115783691403, "loss": 0.23170896321535112, "time": 0.6744321107864379, "epoch": 1, "iter": 32, "memory": 35156, "step": 32}
